INDEX,RESIDUE,CHAIN,AA,STR,ACC
1,26,A,H,,77
2,27,A,P,H,78
3,28,A,E,H,94
4,29,A,T,H,1
5,30,A,L,H,43
6,31,A,V,H,81
7,32,A,K,H,21
8,33,A,V,H,0
9,34,A,K,H,124
10,35,A,D,H,57
11,36,A,A,H,1
12,37,A,E,H,27
13,38,A,D,H,122
14,39,A,Q,H,102
15,40,A,L,H,10
16,41,A,G,T,61
17,42,A,A,S,15
18,43,A,R,E,86
19,44,A,V,E,3
20,45,A,G,E,0
21,46,A,Y,E,0
22,47,A,I,E,0
23,48,A,E,E,3
24,49,A,L,E,2
25,50,A,D,E,35
26,51,A,L,T,12
27,52,A,N,T,127
28,53,A,S,T,58
29,54,A,G,,25
30,55,A,K,,146
31,56,A,I,E,84
32,57,A,L,E,73
33,58,A,E,E,39
34,59,A,S,E,44
35,60,A,F,E,46
36,61,A,R,S,81
37,62,A,P,T,29
38,63,A,E,T,144
39,64,A,E,S,61
40,65,A,R,,56
41,66,A,F,E,1
42,67,A,P,E,14
43,68,A,M,,2
44,69,A,M,G,1
45,70,A,S,G,4
46,71,A,T,G,0
47,72,A,F,H,1
48,73,A,K,H,0
49,74,A,V,H,0
50,75,A,L,H,1
51,76,A,L,H,0
52,77,A,a,H,0
53,78,A,G,H,0
54,79,A,A,H,4
55,80,A,V,H,0
56,81,A,L,H,1
57,82,A,S,H,30
58,83,A,R,H,65
59,84,A,I,H,31
60,85,A,D,H,53
61,86,A,A,T,65
62,87,A,G,T,59
63,88,A,Q,S,116
64,89,A,E,,5
65,90,A,Q,,101
66,91,A,L,T,37
67,92,A,G,T,45
68,93,A,R,,97
69,94,A,R,E,110
70,95,A,I,E,16
71,96,A,H,,140
72,97,A,Y,,21
73,98,A,S,,50
74,99,A,Q,G,41
75,100,A,N,G,78
76,101,A,D,G,51
77,102,A,L,,3
78,103,A,V,,0
79,104,A,E,S,11
80,105,A,Y,S,7
81,106,A,S,,0
82,107,A,P,H,1
83,108,A,V,H,2
84,109,A,T,H,0
85,110,A,E,H,14
86,111,A,K,H,42
87,112,A,H,T,31
88,113,A,L,T,27
89,114,A,T,T,94
90,115,A,D,T,92
91,116,A,G,,2
92,117,A,M,E,2
93,118,A,T,E,13
94,119,A,V,H,0
95,120,A,R,H,105
96,121,A,E,H,77
97,122,A,L,H,0
98,123,A,a,H,0
99,124,A,S,H,31
100,125,A,A,H,1
101,126,A,A,H,0
102,127,A,I,H,6
103,128,A,T,H,6
104,129,A,M,H,1
105,130,A,S,,5
106,131,A,D,,0
107,132,A,N,H,2
108,133,A,T,H,0
109,134,A,A,H,0
110,135,A,A,H,0
111,136,A,N,H,12
112,137,A,L,H,9
113,138,A,L,H,0
114,139,A,L,H,0
115,140,A,T,H,79
116,141,A,T,H,21
117,142,A,I,T,17
118,143,A,G,T,41
119,144,A,G,,3
120,145,A,P,H,10
121,146,A,K,H,180
122,147,A,E,H,113
123,148,A,L,H,2
124,149,A,T,H,37
125,150,A,A,H,45
126,151,A,F,H,34
127,152,A,L,H,2
128,153,A,H,H,99
129,154,A,N,H,132
130,155,A,M,T,23
131,156,A,G,T,37
132,157,A,D,,9
133,158,A,H,S,130
134,159,A,V,S,38
135,160,A,T,,3
136,161,A,R,,78
137,162,A,L,,3
138,163,A,D,,58
139,164,A,R,S,32
140,165,A,W,,92
141,166,A,E,T,0
142,167,A,P,T,13
143,168,A,E,G,55
144,169,A,L,G,2
145,170,A,N,G,2
146,171,A,E,,65
147,172,A,A,,9
148,173,A,I,,51
149,174,A,P,T,84
150,175,A,N,T,168
151,176,A,D,,42
152,177,A,E,,100
153,178,A,R,T,99
154,179,A,D,T,1
155,180,A,T,E,5
156,181,A,T,E,0
157,182,A,M,,36
158,183,A,P,H,0
159,184,A,V,H,34
160,185,A,A,H,11
161,186,A,M,H,0
162,187,A,A,H,0
163,188,A,T,H,49
164,189,A,T,H,1
165,190,A,L,H,0
166,191,A,R,H,65
167,192,A,K,H,60
168,193,A,L,H,0
169,194,A,L,H,11
170,195,A,T,H,53
171,196,A,G,S,23
172,197,A,E,S,189
173,198,A,L,S,65
174,199,A,L,S,1
175,200,A,T,,67
176,201,A,L,H,122
177,202,A,A,H,76
178,203,A,S,H,8
179,204,A,R,H,56
180,205,A,Q,H,95
181,206,A,Q,H,42
182,207,A,L,H,0
183,208,A,I,H,23
184,209,A,D,H,74
185,210,A,W,H,16
186,211,A,M,H,2
187,212,A,E,H,84
188,213,A,A,,62
189,,,!,,0
190,215,A,K,,101
191,216,A,V,,11
192,217,A,A,,4
193,218,A,G,T,38
194,219,A,P,T,61
195,220,A,L,T,0
196,221,A,L,T,3
197,222,A,R,G,71
198,223,A,S,G,74
199,224,A,A,G,32
200,225,A,L,,40
201,226,A,P,,55
202,227,A,A,T,104
203,228,A,G,T,55
204,229,A,W,,50
205,230,A,F,E,20
206,231,A,I,E,7
207,232,A,A,E,0
208,233,A,D,E,9
209,234,A,K,E,3
210,235,A,S,E,1
211,236,A,G,E,0
212,237,A,A,E,1
213,238,A,G,,7
214,239,A,E,S,35
215,240,A,R,T,82
216,241,A,G,T,7
217,242,A,S,,0
218,243,A,R,E,7
219,244,A,G,E,0
220,245,A,I,E,0
221,246,A,I,E,0
222,247,A,A,E,0
223,248,A,A,E,1
224,249,A,L,E,1
225,250,A,G,E,0
226,251,A,P,S,47
227,252,A,D,T,139
228,253,A,G,T,47
229,254,A,K,,131
230,255,A,P,,41
231,256,A,S,,29
232,257,A,R,E,35
233,258,A,I,E,0
234,259,A,V,E,2
235,260,A,V,E,0
236,261,A,I,E,2
237,262,A,Y,E,2
238,263,A,T,E,3
239,264,A,T,E,13
240,265,A,G,S,46
241,266,A,S,,5
242,267,A,Q,,194
243,268,A,A,S,27
244,269,A,T,,41
245,270,A,M,H,42
246,271,A,D,H,97
247,272,A,E,H,56
248,273,A,R,H,28
249,274,A,N,H,17
250,275,A,R,H,143
251,276,A,Q,H,2
252,277,A,I,H,4
253,278,A,A,H,17
254,279,A,E,H,67
255,280,A,I,H,2
256,281,A,G,H,1
257,282,A,A,H,43
258,283,A,S,H,12
259,284,A,L,H,4
260,285,A,I,H,22
261,286,A,K,H,161
262,287,A,H,T,55
263,288,A,W,,95
264,,,!*,,0
265,1,B,A,,98
266,2,B,G,,10
267,3,B,V,,27
268,4,B,M,,1
269,5,B,T,,8
270,6,B,G,H,10
271,7,B,A,H,45
272,8,B,K,H,28
273,9,B,F,H,11
274,10,B,T,H,86
275,11,B,Q,H,119
276,12,B,I,,0
277,13,B,Q,,104
278,14,B,F,T,48
279,15,B,G,T,19
280,16,B,M,,30
281,17,B,T,B,34
282,18,B,R,H,29
283,19,B,Q,H,112
284,20,B,Q,H,86
285,21,B,V,H,0
286,22,B,L,H,41
287,23,B,D,H,116
288,24,B,I,H,30
289,25,B,A,H,0
290,26,B,G,,16
291,27,B,A,G,57
292,28,B,E,G,174
293,29,B,N,G,26
294,30,B,b,E,21
295,31,B,E,E,46
296,32,B,T,,79
297,33,B,G,S,25
298,34,B,G,G,78
299,35,B,S,G,31
300,36,B,F,G,0
301,37,B,G,T,36
302,38,B,D,T,59
303,39,B,S,S,4
304,40,B,I,E,7
305,41,B,H,E,0
306,42,B,b,E,0
307,43,B,R,E,62
308,44,B,G,E,5
309,45,B,H,E,16
310,46,B,A,E,58
311,47,B,A,E,2
312,48,B,G,T,7
313,49,B,D,T,10
314,50,B,Y,E,11
315,51,B,Y,E,62
316,52,B,A,E,0
317,53,B,Y,E,0
318,54,B,A,E,0
319,55,B,T,E,5
320,56,B,F,E,0
321,57,B,G,E,8
322,58,B,F,E,13
323,59,B,T,S,64
324,60,B,S,S,51
325,61,B,A,S,73
326,62,B,A,S,39
327,63,B,A,T,90
328,64,B,D,T,102
329,65,B,A,,2
330,66,B,K,B,77
331,67,B,V,E,0
332,68,B,D,E,19
333,69,B,S,E,18
334,70,B,K,E,22
335,71,B,S,E,2
336,72,B,Q,E,2
337,73,B,E,E,5
338,74,B,K,S,2
339,75,B,L,S,21
340,76,B,L,S,38
341,77,B,A,,67
342,78,B,P,,16
343,79,B,S,S,108
344,80,B,A,B,52
345,81,B,P,,30
346,82,B,T,,60
347,83,B,L,B,1
348,84,B,T,,50
349,85,B,L,H,48
350,86,B,A,H,54
351,87,B,K,H,64
352,88,B,F,H,13
353,89,B,N,H,97
354,90,B,Q,H,120
355,91,B,V,,1
356,92,B,T,,79
357,93,B,V,T,93
358,94,B,G,T,46
359,95,B,M,,30
360,96,B,T,B,59
361,97,B,R,H,104
362,98,B,A,H,72
363,99,B,Q,H,99
364,100,B,V,H,0
365,101,B,L,H,28
366,102,B,A,H,79
367,103,B,T,H,30
368,104,B,V,H,0
369,105,B,G,,10
370,106,B,Q,T,138
371,107,B,G,B,7
372,108,B,S,S,0
373,109,B,c,E,24
374,110,B,T,E,13
375,111,B,T,E,32
376,112,B,W,E,13
377,113,B,S,E,14
378,114,B,E,E,42
379,115,B,Y,E,61
380,116,B,Y,,36
381,117,B,P,T,66
382,118,B,A,T,47
383,119,B,Y,T,76
384,120,B,P,T,110
385,121,B,S,S,58
386,122,B,T,,95
387,123,B,A,T,57
388,124,B,G,T,20
389,125,B,V,,25
390,126,B,T,E,29
391,127,B,L,E,12
392,128,B,S,E,7
393,129,B,L,E,4
394,130,B,S,E,9
395,131,B,c,E,0
396,132,B,F,E,0
397,133,B,D,B,12
398,134,B,V,T,119
399,135,B,D,T,105
400,136,B,G,T,0
401,137,B,Y,,51
402,138,B,S,,27
403,139,B,S,S,37
404,140,B,T,S,65
405,141,B,G,S,15
406,142,B,F,,15
407,143,B,Y,,22
408,144,B,R,S,126
409,145,B,G,S,0
410,146,B,S,E,8
411,147,B,A,E,2
412,148,B,H,E,0
413,149,B,L,E,0
414,150,B,W,E,26
415,151,B,F,E,3
416,152,B,T,E,50
417,153,B,D,T,93
418,154,B,G,T,33
419,155,B,V,E,51
420,156,B,L,E,0
421,157,B,Q,E,93
422,158,B,G,E,9
423,159,B,K,E,59
424,160,B,R,E,67
425,161,B,Q,E,61
426,162,B,W,E,13
427,163,B,D,S,80
428,164,B,L,,13
429,165,B,V,,152
430,,,!*,,0
431,26,C,H,,76
432,27,C,P,H,70
433,28,C,E,H,94
434,29,C,T,H,0
435,30,C,L,H,35
436,31,C,V,H,45
437,32,C,K,H,20
438,33,C,V,H,0
439,34,C,K,H,48
440,35,C,D,H,23
441,36,C,A,H,0
442,37,C,E,H,26
443,38,C,D,H,70
444,39,C,Q,H,37
445,40,C,L,H,3
446,41,C,G,T,37
447,42,C,A,S,16
448,43,C,R,E,78
449,44,C,V,E,3
450,45,C,G,E,0
451,46,C,Y,E,0
452,47,C,I,E,0
453,48,C,E,E,5
454,49,C,L,E,2
455,50,C,D,E,41
456,51,C,L,T,11
457,52,C,N,T,127
458,53,C,S,T,74
459,54,C,G,,26
460,55,C,K,,135
461,56,C,I,E,73
462,57,C,L,E,53
463,58,C,E,E,35
464,59,C,S,E,43
465,60,C,F,E,36
466,61,C,R,S,75
467,62,C,P,T,29
468,63,C,E,T,144
469,64,C,E,S,63
470,65,C,R,,55
471,66,C,F,E,1
472,67,C,P,E,14
473,68,C,M,,2
474,69,C,M,G,1
475,70,C,S,G,4
476,71,C,T,G,0
477,72,C,F,H,0
478,73,C,K,H,0
479,74,C,V,H,0
480,75,C,L,H,0
481,76,C,L,H,0
482,77,C,d,H,0
483,78,C,G,H,0
484,79,C,A,H,4
485,80,C,V,H,0
486,81,C,L,H,0
487,82,C,S,H,27
488,83,C,R,H,75
489,84,C,I,H,31
490,85,C,D,H,54
491,86,C,A,T,65
492,87,C,G,T,61
493,88,C,Q,S,132
494,89,C,E,,11
495,90,C,Q,,140
496,91,C,L,T,31
497,92,C,G,T,47
498,93,C,R,,109
499,94,C,R,E,107
500,95,C,I,E,22
501,96,C,H,,140
502,97,C,Y,,20
503,98,C,S,,51
504,99,C,Q,G,47
505,100,C,N,G,78
506,101,C,D,G,51
507,102,C,L,,1
508,103,C,V,,0
509,104,C,E,S,10
510,105,C,Y,S,7
511,106,C,S,,0
512,107,C,P,H,1
513,108,C,V,H,3
514,109,C,T,H,0
515,110,C,E,H,19
516,111,C,K,H,41
517,112,C,H,T,25
518,113,C,L,T,26
519,114,C,T,T,98
520,115,C,D,T,74
521,116,C,G,,1
522,117,C,M,E,2
523,118,C,T,E,13
524,119,C,V,H,0
525,120,C,R,H,109
526,121,C,E,H,72
527,122,C,L,H,0
528,123,C,d,H,0
529,124,C,S,H,30
530,125,C,A,H,0
531,126,C,A,H,0
532,127,C,I,H,6
533,128,C,T,H,22
534,129,C,M,H,19
535,130,C,S,,4
536,131,C,D,,0
537,132,C,N,H,4
538,133,C,T,H,0
539,134,C,A,H,0
540,135,C,A,H,0
541,136,C,N,H,12
542,137,C,L,H,13
543,138,C,L,H,0
544,139,C,L,H,0
545,140,C,T,H,88
546,141,C,T,H,27
547,142,C,I,H,24
548,143,C,G,T,42
549,144,C,G,S,2
550,145,C,P,H,10
551,146,C,K,H,141
552,147,C,E,H,71
553,148,C,L,H,1
554,149,C,T,H,39
555,150,C,A,H,42
556,151,C,F,H,37
557,152,C,L,H,1
558,153,C,H,H,96
559,154,C,N,H,141
560,155,C,M,T,22
561,156,C,G,T,41
562,157,C,D,,6
563,158,C,H,S,130
564,159,C,V,S,30
565,160,C,T,,4
566,161,C,R,,75
567,162,C,L,,2
568,163,C,D,,59
569,164,C,R,S,32
570,165,C,W,,92
571,166,C,E,T,0
572,167,C,P,T,12
573,168,C,E,G,55
574,169,C,L,G,2
575,170,C,N,G,2
576,171,C,E,,63
577,172,C,A,,7
578,173,C,I,,53
579,174,C,P,T,80
580,175,C,N,T,165
581,176,C,D,,40
582,177,C,E,,100
583,178,C,R,T,96
584,179,C,D,T,2
585,180,C,T,E,4
586,181,C,T,E,0
587,182,C,M,,40
588,183,C,P,H,0
589,184,C,V,H,31
590,185,C,A,H,6
591,186,C,M,H,0
592,187,C,A,H,0
593,188,C,T,H,49
594,189,C,T,H,0
595,190,C,L,H,0
596,191,C,R,H,67
597,192,C,K,H,73
598,193,C,L,H,0
599,194,C,L,H,12
600,195,C,T,H,59
601,196,C,G,S,24
602,197,C,E,S,187
603,198,C,L,S,68
604,199,C,L,S,1
605,200,C,T,,64
606,201,C,L,H,127
607,202,C,A,H,76
608,203,C,S,H,7
609,204,C,R,H,52
610,205,C,Q,H,98
611,206,C,Q,H,40
612,207,C,L,H,0
613,208,C,I,H,26
614,209,C,D,H,69
615,210,C,W,H,13
616,211,C,M,H,1
617,212,C,E,H,86
618,213,C,A,,85
619,,,!,,0
620,216,C,V,,53
621,217,C,A,,5
622,218,C,G,T,37
623,219,C,P,T,58
624,220,C,L,T,0
625,221,C,L,G,3
626,222,C,R,G,79
627,223,C,S,G,77
628,224,C,A,G,27
629,225,C,L,,39
630,226,C,P,,54
631,227,C,A,T,102
632,228,C,G,T,57
633,229,C,W,,52
634,230,C,F,E,22
635,231,C,I,E,8
636,232,C,A,E,0
637,233,C,D,E,10
638,234,C,K,E,4
639,235,C,S,E,1
640,236,C,G,E,0
641,237,C,A,E,1
642,238,C,G,,8
643,239,C,E,S,46
644,240,C,R,T,104
645,241,C,G,T,6
646,242,C,S,,0
647,243,C,R,E,9
648,244,C,G,E,0
649,245,C,I,E,0
650,246,C,I,E,0
651,247,C,A,E,0
652,248,C,A,E,2
653,249,C,L,E,2
654,250,C,G,E,0
655,251,C,P,S,45
656,252,C,D,T,138
657,253,C,G,T,48
658,254,C,K,S,134
659,255,C,P,,42
660,256,C,S,,32
661,257,C,R,E,33
662,258,C,I,E,0
663,259,C,V,E,0
664,260,C,V,E,0
665,261,C,I,E,1
666,262,C,Y,E,0
667,263,C,T,E,3
668,264,C,T,E,15
669,265,C,G,,45
670,266,C,S,,5
671,267,C,Q,,170
672,268,C,A,S,26
673,269,C,T,,78
674,270,C,M,H,44
675,271,C,D,H,110
676,272,C,E,H,28
677,273,C,R,H,37
678,274,C,N,H,21
679,275,C,R,H,159
680,276,C,Q,H,2
681,277,C,I,H,4
682,278,C,A,H,17
683,279,C,E,H,77
684,280,C,I,H,2
685,281,C,G,H,1
686,282,C,A,H,38
687,283,C,S,H,13
688,284,C,L,H,3
689,285,C,I,H,25
690,286,C,K,H,145
691,287,C,H,T,52
692,288,C,W,,96
693,,,!*,,0
694,1,D,A,,147
695,2,D,G,,51
696,3,D,V,,60
697,4,D,M,,1
698,5,D,T,,55
699,6,D,G,H,13
700,7,D,A,H,66
701,8,D,K,H,30
702,9,D,F,H,10
703,10,D,T,H,83
704,11,D,Q,H,109
705,12,D,I,,0
706,13,D,Q,,101
707,14,D,F,T,48
708,15,D,G,T,20
709,16,D,M,,28
710,17,D,T,B,42
711,18,D,R,H,34
712,19,D,Q,H,113
713,20,D,Q,H,84
714,21,D,V,H,0
715,22,D,L,H,44
716,23,D,D,H,112
717,24,D,I,H,40
718,25,D,A,H,0
719,26,D,G,,23
720,27,D,A,G,61
721,28,D,E,G,168
722,29,D,N,G,18
723,30,D,e,E,24
724,31,D,E,E,74
725,32,D,T,,81
726,33,D,G,S,27
727,34,D,G,G,80
728,35,D,S,G,34
729,36,D,F,G,0
730,37,D,G,T,36
731,38,D,D,T,58
732,39,D,S,S,3
733,40,D,I,E,6
734,41,D,H,E,0
735,42,D,e,E,0
736,43,D,R,E,64
737,44,D,G,E,3
738,45,D,H,E,69
739,46,D,A,E,53
740,47,D,A,E,1
741,48,D,G,T,4
742,49,D,D,T,11
743,50,D,Y,E,10
744,51,D,Y,E,54
745,52,D,A,E,0
746,53,D,Y,E,0
747,54,D,A,E,0
748,55,D,T,E,4
749,56,D,F,E,0
750,57,D,G,E,5
751,58,D,F,E,13
752,59,D,T,S,62
753,60,D,S,S,52
754,61,D,A,S,71
755,62,D,A,S,39
756,63,D,A,T,89
757,64,D,D,T,115
758,65,D,A,,2
759,66,D,K,B,94
760,67,D,V,E,0
761,68,D,D,E,18
762,69,D,S,E,20
763,70,D,K,E,21
764,71,D,S,E,3
765,72,D,Q,E,3
766,73,D,E,E,3
767,74,D,K,S,2
768,75,D,L,S,21
769,76,D,L,S,37
770,77,D,A,,67
771,78,D,P,,18
772,79,D,S,S,110
773,80,D,A,B,54
774,81,D,P,,30
775,82,D,T,,59
776,83,D,L,B,2
777,84,D,T,,51
778,85,D,L,H,51
779,86,D,A,H,53
780,87,D,K,H,60
781,88,D,F,H,13
782,89,D,N,H,96
783,90,D,Q,H,117
784,91,D,V,,1
785,92,D,T,,78
786,93,D,V,T,92
787,94,D,G,T,45
788,95,D,M,,31
789,96,D,T,B,60
790,97,D,R,H,108
791,98,D,A,H,67
792,99,D,Q,H,97
793,100,D,V,H,0
794,101,D,L,H,28
795,102,D,A,H,75
796,103,D,T,H,31
797,104,D,V,H,0
798,105,D,G,,13
799,106,D,Q,T,137
800,107,D,G,B,9
801,108,D,S,S,0
802,109,D,f,E,23
803,110,D,T,E,15
804,111,D,T,E,28
805,112,D,W,E,6
806,113,D,S,E,11
807,114,D,E,E,41
808,115,D,Y,E,67
809,116,D,Y,,37
810,117,D,P,T,64
811,118,D,A,T,48
812,119,D,Y,T,69
813,120,D,P,T,111
814,121,D,S,S,59
815,122,D,T,,97
816,123,D,A,T,55
817,124,D,G,T,22
818,125,D,V,,25
819,126,D,T,E,30
820,127,D,L,E,13
821,128,D,S,E,2
822,129,D,L,E,4
823,130,D,S,E,7
824,131,D,f,E,0
825,132,D,F,E,0
826,133,D,D,B,13
827,134,D,V,T,117
828,135,D,D,T,77
829,136,D,G,T,0
830,137,D,Y,,46
831,138,D,S,,19
832,139,D,S,S,43
833,140,D,T,S,84
834,141,D,G,S,11
835,142,D,F,,14
836,143,D,Y,,22
837,144,D,R,S,109
838,145,D,G,S,0
839,146,D,S,E,7
840,147,D,A,E,2
841,148,D,H,E,1
842,149,D,L,E,1
843,150,D,W,E,29
844,151,D,F,E,4
845,152,D,T,E,49
846,153,D,D,T,92
847,154,D,G,T,33
848,155,D,V,E,51
849,156,D,L,E,0
850,157,D,Q,E,94
851,158,D,G,E,8
852,159,D,K,E,59
853,160,D,R,E,72
854,161,D,Q,E,59
855,162,D,W,E,15
856,163,D,D,S,77
857,164,D,L,,10
858,165,D,V,,153